1603198799,1603198799-homebase.jpg,image,test;anothertag
1603198809,1603198808-interartive_100_0.jpg,image,home;anothertag;some-tag
1603198816,1603198816-the-traveller_tarot.jpg,image,home
1603198824,"1603198824-ro-caminal-_-moi,-un-noir.jpg",image,test;anothertag
1603198830,1603198830-r-for-run-copy.jpg,image,anothertag;some-tag
1603214284,https://www.youtube.com/watch?v=2mSr6GgQV2Y,video,home;test
1603214311,https://www.youtube.com/watch?v=6n9ESFJTnHs,video,home;test
1603214340,https://www.youtube.com/watch?v=8DajVKAkL50,video,home;test
1603214357,https://www.youtube.com/watch?v=34MhpyLkrRc,video,home;test
1603214369,https://www.youtube.com/watch?v=HYPnV62HmLQ,video,home;test
1603215001,https://www.youtube.com/watch?v=i1jIPHgX3ak,video,home;test
1603215023,1603215022-exhaustion-and-exhuberance.jpg,image,home;some-tag
1603215058,1603215057-slow-travel.jpg,image,anothertag;some-tag
1603215076,1603215076-john-adams.jpg,image,home;test
1603215159,1603215159-yu-fu-tuan.jpg,image,test;anothertag
1603215282,1603215282-the-world_tarot.jpg,image,home;test
1603285911,1603285911-test-image.jpg,image,red
1603285920,1603285920-test-image.jpg,image,red
1603285924,1603285924-test-image.jpg,image,red
1603285928,1603285928-test-image.jpg,image,red
1603285932,1603285932-test-image.jpg,image,red
1603285938,1603285938-test-image2.jpg,image,blue
1603285942,1603285942-test-image2.jpg,image,blue
1603285945,1603285945-test-image2.jpg,image,blue
1603285949,1603285949-test-image2.jpg,image,blue
1603285952,1603285952-test-image2.jpg,image,blue
1603285956,1603285956-test-image2.jpg,image,blue
1603285961,1603285961-test-image.jpg,image,red
1603289598,1603289598-green.jpg,image,green
1603289603,1603289603-green.jpg,image,green
1603289606,1603289606-green.jpg,image,green
1603289610,1603289610-green.jpg,image,green
1603289613,1603289613-green.jpg,image,green
1603289618,1603289618-test-image.jpg,image,red
1603289621,1603289621-test-image.jpg,image,red
1603289624,1603289624-test-image.jpg,image,red
1603289628,1603289628-test-image.jpg,image,red
1603289631,1603289631-test-image2.jpg,image,blue
1603289634,1603289634-test-image2.jpg,image,blue
1603289638,1603289638-test-image2.jpg,image,blue
1603289642,1603289642-test-image2.jpg,image,blue
1603289645,1603289645-test-image2.jpg,image,blue
